Sample ID,Date Extracted,Phycoerytherin Final Adjusted Concentration (?g/L),Phycocyanin Final Adjusted Concentration (?g/L),Chlorophyll a Final Adjusted Concentration (?g/L),PE:PC,PE:Chla,PC:Chla,Temp,Salinity,Nitrate,Phosphate (uM),Adj Tidal Ht,Latitude,Longitude
AR1,4/28/2021,0,0.309,6.3651,0,0,0.048545977,24,,,,5.6459,32.77628333,-79.95345
AR2,4/28/2021,0.002,0.232,4.3181,0.00862069,0.000463167,0.053727334,24.5,,,,5.4035,32.78831111,-79.96333889
AR3,4/28/2021,0.005,0.372,9.2111,0.01344086,0.000542823,0.040386056,22,,,,5.9171,32.83527222,-79.98680278
CC1,4/28/2021,,,,,,,,,,,,32.76276389,-79.856175
CH1,4/28/2021,0.001,0.425,8.7371,0.002352941,0.000114454,0.048643142,24,,,,5.4708,32.75498056,-79.91612222
CH2,4/28/2021,0.001,0.219,2.8791,0.00456621,0.000347331,0.076065437,24,,,,5.41,32.79008333,-79.911
CH3,4/28/2021,0.003,0.136,4.7626,0.022058824,0.000629908,0.028555831,25,,,,5.64,32.77161667,-79.92473333
CS1,4/28/2021,0.002,0.294,7.8491,0.006802721,0.000254806,0.037456524,23,,,,5.564,32.71671667,-79.93056389
FB1,4/28/2021,0.003,0.277,5.8561,0.010830325,0.000512286,0.047301105,22,,,,5.5449,32.66033611,-79.94351111
FC1,4/28/2021,0.003,0.308,2.2816,0.00974026,0.001314867,0.134992987,21,,,,5.4075,32.89123611,-79.97089167
HC1,4/28/2021,0.002,0.147,4.1841,0.013605442,0.000478,0.035133004,24.5,,,,5.6959,32.82426944,-79.88969167
HC2,4/28/2021,0.002,0.233,3.7206,0.008583691,0.000537548,0.062624308,23,,,,5.6959,32.82524444,-79.87728611
JIC1,4/28/2021,0.003,0.222,6.8816,0.013513514,0.000435945,0.03225994,24.5,,,,5.7018,32.75069722,-79.95013333
JIC2,4/28/2021,0.003,0.306,5.2226,0.009803922,0.000574427,0.058591506,22.5,,,,5.763,32.7445,-79.97116667
SC1,4/28/2021,0.003,0.298,4.5221,0.010067114,0.000663409,0.065898587,24,,,,4.9896,32.79041667,-79.88506389
SC2,4/28/2021,0.002,0.277,4.5641,0.007220217,0.000438202,0.060691045,22.5,,,,4.6431,32.79319444,-79.87646389
SC3,4/28/2021,0.003,0.232,2.9186,0.012931034,0.00102789,0.079490167,22.5,,,,4.6431,32.80481667,-79.86159722
SR1,4/28/2021,0.002,0.248,4.1641,0.008064516,0.000480296,0.059556687,22,,,,5.6459,32.66838056,-79.99750278
WC1,4/28/2021,0.002,0.344,5.4336,0.005813953,0.00036808,0.063309776,21.5,,,,5.5539,32.76715278,-79.97273889
WR1,4/28/2021,0,0.212,4.2571,0,0,0.049799159,24,,,,5.7783,32.85537778,-79.90159167
AR1,5/5/2021,0.001,0.101,4.4225,0.00990099,0.000226116,0.022837761,25.5,,,,1.2285,32.77628333,-79.95345
AR2,5/5/2021,0.009,0.16,12.829,0.05625,0.000701536,0.012471744,25,,,,1.491,32.78831111,-79.96333889
AR3,5/5/2021,0.005,0.223,7.668,0.022421525,0.000652061,0.029081899,25,,,,1.491,32.83527222,-79.98680278
CC1,5/5/2021,0.004,0.206,7.061,0.019417476,0.000566492,0.029174338,25,,,,0.551,32.76276389,-79.856175
CH1,5/5/2021,0.014,0.362,8.3355,0.038674033,0.001679563,0.043428709,24,,,,0.74,32.75498056,-79.91612222
CH2,5/5/2021,0.002,0.171,2.299,0.011695906,0.000869943,0.074380165,24,,,,0.38,32.79008333,-79.911
CH3,5/5/2021,0.004,0.068,7.793,0.058823529,0.000513281,0.00872578,25.5,,,,0.36,32.77161667,-79.92473333
CS1,5/5/2021,0.005,0.207,9.2695,0.024154589,0.000539403,0.022331302,26.5,,,,0.34,32.71671667,-79.93056389
FB1,5/5/2021,0.007,0.134,15.35,0.052238806,0.000456026,0.008729642,26,,,,0.361,32.66033611,-79.94351111
FC1,5/5/2021,0.003,0.183,3.4765,0.016393443,0.000862937,0.052639149,24.5,,,,1.7,32.89123611,-79.97089167
HC1,5/5/2021,0.003,0.173,3.6375,0.01734104,0.000824742,0.047560137,25,,,,0.323,32.82426944,-79.88969167
HC2,5/5/2021,0.005,0.208,6.7745,0.024038462,0.000738062,0.030703373,25.5,,,,0.323,32.82524444,-79.87728611
JIC1,5/5/2021,0.003,0.052,8.0105,0.057692308,0.000374508,0.00649148,25,,,,0.987,32.75069722,-79.95013333
JIC2,5/5/2021,0.006,0.381,9.961,0.015748031,0.000602349,0.038249172,27,,,,0.777,32.7445,-79.97116667
SC1,5/5/2021,0.016,0.132,4.282,0.121212121,0.003736572,0.030826716,26.5,,,,0.45,32.79041667,-79.88506389
SC2,5/5/2021,0.002,0,2.258,0,0.00088574,0,26,,,,0.52,32.79319444,-79.87646389
SC3,5/5/2021,0.006,0.09,6.5615,0.066666667,0.000914425,0.013716376,26,,,,0.52,32.80481667,-79.86159722
SR1,5/5/2021,0.039,0.193,4.3615,0.202072539,0.008941878,0.044250831,25.5,,,,0.551,32.66838056,-79.99750278
WC1,5/5/2021,0.002,0.14,3.2965,0.014285714,0.000606704,0.042469286,25.5,,,,0.9306,32.76715278,-79.97273889
WR1,5/5/2021,0.004,0.076,3.7085,0.052631579,0.001078603,0.020493461,25.5,,,,0.342,32.85537778,-79.90159167
AR1,5/19/2021,0.0052,0.196,5.3418,0.026530612,0.000973455,0.036691752,25,,,,0.756,32.77628333,-79.95345
AR2,5/19/2021,0.0022,0.343,7.4638,0.006413994,0.000294756,0.045955143,25,,,,0.693,32.78831111,-79.96333889
AR3,5/19/2021,0.0062,0.36,9.4148,0.017222222,0.000658538,0.038237668,24,,,,0.756,32.83527222,-79.98680278
CC1,5/19/2021,0.0042,0.196,8.2463,0.021428571,0.000509319,0.023768235,24.5,,,,1.045,32.76276389,-79.856175
CH1,5/19/2021,0.0052,0.391,7.7443,0.013299233,0.000671462,0.050488747,25,,,,0.94,32.75498056,-79.91612222
CH2,5/19/2021,0.0032,0.159,4.5388,0.020125786,0.000705032,0.035031286,25,,,,1.5,32.79008333,-79.911
CH3,5/19/2021,0.0012,0.092,6.1553,0.013043478,0.000194954,0.014946469,25,,,,2.24,32.77161667,-79.92473333
CS1,5/19/2021,0.0062,0.188,5.5058,0.032978723,0.001126085,0.03414581,24.5,,,,1.7646,32.71671667,-79.93056389
FB1,5/19/2021,0.0052,0.311,9.9053,0.016720257,0.000524971,0.031397333,24.5,,,,1.425,32.66033611,-79.94351111
FC1,5/19/2021,0.0072,0.427,9.3573,0.016861827,0.000769453,0.045632821,28,,,,0.64,32.89123611,-79.97089167
HC1,5/19/2021,0.0022,0.204,7.3078,0.010784314,0.000301048,0.027915378,25.5,,,,1.6435,32.82426944,-79.88969167
HC2,5/19/2021,0.0042,0.368,4.6948,0.011413043,0.000894607,0.078384596,26,,,,1.6435,32.82524444,-79.87728611
JIC1,5/19/2021,0.0042,0.27,6.1973,0.015555556,0.000677714,0.04356736,25.5,,,,0.8505,32.75069722,-79.95013333
JIC2,5/19/2021,0.0062,0.381,6.7218,0.016272966,0.000922372,0.056681246,25,,,,0.987,32.7445,-79.97116667
SC1,5/19/2021,0.0042,0.27,3.9563,0.015555556,0.001061598,0.068245583,26,,,,1.29,32.79041667,-79.88506389
SC2,5/19/2021,0.0062,0.319,2.4558,0.019435737,0.002524636,0.129896571,25.5,,,,2.5,32.79319444,-79.87646389
SC3,5/19/2021,0.0012,0.274,3.4083,0.004379562,0.000352082,0.080391984,25,,,,2.5,32.80481667,-79.86159722
SR1,5/19/2021,0.0062,0.267,6.0023,0.023220974,0.001032937,0.044482948,28.5,,,,1.045,32.66838056,-79.99750278
WC1,5/19/2021,0.0072,0.326,6.6958,0.02208589,0.001075301,0.048687237,24.5,,,,0.8019,32.76715278,-79.97273889
WR1,5/19/2021,0.0042,0.347,5.9428,0.012103746,0.000706738,0.058389985,25.5,,,,1.881,32.85537778,-79.90159167
AR1,5/26/2021,0.008,0.32,6.4536,0.025,0.001239618,0.049584728,26.5,,,,5.4338,32.77628333,-79.95345
AR2,5/26/2021,0.002,0.355,6.3216,0.005633803,0.000316376,0.056156669,26.5,,,,5.4338,32.78831111,-79.96333889
AR3,5/26/2021,0.005,0.315,13.0881,0.015873016,0.000382026,0.024067665,26.5,,,,5.6603,32.83527222,-79.98680278
CC1,5/26/2021,0.004,0.462,5.4856,0.008658009,0.000729182,0.084220505,27,,,,5.2671,32.76276389,-79.856175
CH1,5/26/2021,0.006,0.395,11.9971,0.015189873,0.000500121,0.032924623,27,,,,5.0052,32.75498056,-79.91612222
CH2,5/26/2021,0.003,0.135,5.8901,0.022222222,0.000509329,0.022919815,26.5,,,,4.52,32.79008333,-79.911
CH3,5/26/2021,0.002,0.252,8.3326,0.007936508,0.000240021,0.030242661,26.5,,,,3.2,32.77161667,-79.92473333
CS1,5/26/2021,0.005,0.237,7.5021,0.021097046,0.00066648,0.031591154,27,,,,3.9984,32.71671667,-79.93056389
FB1,5/26/2021,0.005,0.26,7.3556,0.019230769,0.000679754,0.035347218,26,,,,4.2824,32.66033611,-79.94351111
FC1,5/26/2021,0.007,0.365,4.7586,0.019178082,0.001471021,0.076703232,25.5,,,,5.5929,32.89123611,-79.97089167
HC1,5/26/2021,0.005,0.455,5.5286,0.010989011,0.000904388,0.082299316,27,,,,4.3672,32.82426944,-79.88969167
HC2,5/26/2021,0.006,0.246,5.5476,0.024390244,0.001081549,0.0443435,27,,,,4.3672,32.82524444,-79.87728611
JIC1,5/26/2021,0.006,0.268,9.2356,0.02238806,0.00064966,0.029018147,27,,,,5.3958,32.75069722,-79.95013333
JIC2,5/26/2021,0.008,0.439,5.9501,0.018223235,0.001344515,0.073780273,27.5,,,,5.0898,32.7445,-79.97116667
SC1,5/26/2021,0.007,0.405,6.5136,0.017283951,0.001074675,0.062177598,27,,,,4.7223,32.79041667,-79.88506389
SC2,5/26/2021,0.005,0.399,5.8851,0.012531328,0.000849603,0.067798338,27.5,,,,2.3958,32.79319444,-79.87646389
SC3,5/26/2021,0.004,0.309,4.7341,0.012944984,0.000844934,0.065271118,27.5,,,,2.7918,32.80481667,-79.86159722
SR1,5/26/2021,0.007,0.282,5.9701,0.024822695,0.00117251,0.04723539,26,,,,4.5652,32.66838056,-79.99750278
WC1,5/26/2021,0.006,0.162,6.7616,0.037037037,0.000887364,0.023958826,26,,,,5.1084,32.76715278,-79.97273889
WR1,5/26/2021,0.003,0.261,6.0361,0.011494253,0.00049701,0.04323984,27,,,,4.0376,32.85537778,-79.90159167
AR1,6/2/2021,0.0082,0.401,5.3485,0.020448878,0.00153314,0.074974292,26.5,,,,0.273,32.77628333,-79.95345
AR2,6/2/2021,0.0042,0.474,7.792,0.008860759,0.000539014,0.060831622,26,,,,0.273,32.78831111,-79.96333889
AR3,6/2/2021,0.0122,0.453,9.7395,0.026931567,0.001252631,0.046511628,26,,,,0.273,32.83527222,-79.98680278
CC1,6/2/2021,0.0082,0.11,11.3885,0.074545455,0.000720025,0.009658866,26.5,,,,0.266,32.76276389,-79.856175
CH1,6/2/2021,0.0092,0.476,9.7125,0.019327731,0.000947233,0.049009009,26,,,,0.23,32.75498056,-79.91612222
CH2,6/2/2021,0.0062,0.449,2.888,0.013808463,0.002146814,0.155470914,26.5,,,,0.52,32.79008333,-79.911
CH3,6/2/2021,0.0062,0.425,4.2525,0.014588235,0.001457966,0.099941211,27,,,,1.43,32.77161667,-79.92473333
CS1,6/2/2021,0.0072,0.372,5.608,0.019354839,0.00128388,0.066333809,25.5,,,,0.7,32.71671667,-79.93056389
FB1,6/2/2021,0.0102,0.805,6.916,0.012670807,0.001474841,0.116396761,25.5,,,,0.494,32.66033611,-79.94351111
FC1,6/2/2021,0.0092,0.444,5.877,0.020720721,0.001565425,0.075548749,25.5,,,,0.34,32.89123611,-79.97089167
HC1,6/2/2021,0.0062,0.215,5.395,0.028837209,0.001149212,0.039851715,26.5,,,,0.665,32.82426944,-79.88969167
HC2,6/2/2021,0.0012,0.097,5.084,0.012371134,0.000236035,0.019079465,27,,,,0.665,32.82524444,-79.87728611
JIC1,6/2/2021,0.0102,0.467,5.4735,0.021841542,0.001863524,0.085320179,26,,,,0.231,32.75069722,-79.95013333
JIC2,6/2/2021,0.0082,0.622,9.1775,0.01318328,0.00089349,0.067774448,26.5,,,,0.294,32.7445,-79.97116667
SC1,6/2/2021,0.0072,0.336,3.2605,0.021428571,0.00220825,0.103051679,27,,,,0.38,32.79041667,-79.88506389
SC2,6/2/2021,0.0052,0.284,3.472,0.018309859,0.001497696,0.081797235,26.5,,,,1.71,32.79319444,-79.87646389
SC3,6/2/2021,0.0052,0.32,4.095,0.01625,0.001269841,0.078144078,27.5,,,,1.43,32.80481667,-79.86159722
SR1,6/2/2021,0.0022,0.17,5.336,0.012941176,0.000412294,0.03185907,26.5,,,,0.361,32.66838056,-79.99750278
WC1,6/2/2021,0.0122,0.622,7.4095,0.019614148,0.001646535,0.083946285,26,,,,0.2277,32.76715278,-79.97273889
WR1,6/2/2021,0.0032,0.288,7.329,0.011111111,0.000436622,0.039295948,26.5,,,,0.874,32.85537778,-79.90159167
AR1,6/9/2021,0.012,0.639,4.3116,0.018779343,0.00278319,0.148204843,27,,,,4.5147,32.77628333,-79.95345
AR2,6/9/2021,0.008,0.426,4.4446,0.018779343,0.001799937,0.095846645,27.5,,,,4.5854,32.78831111,-79.96333889
AR3,6/9/2021,0.009,0.363,9.1016,0.024793388,0.000988837,0.039883097,28,,,,4.8578,32.83527222,-79.98680278
CC1,6/9/2021,0,0.213,4.8361,0,0,0.044043754,27.5,,,,3.838,32.76276389,-79.856175
CH1,6/9/2021,0.006,0.383,7.6356,0.015665796,0.000785793,0.050159778,27,,,,4.2292,32.75498056,-79.91612222
CH2,6/9/2021,0.005,0.565,4.1051,0.008849558,0.001217997,0.137633675,27,,,,3.84,32.79008333,-79.911
CH3,6/9/2021,0.006,0.555,5.4011,0.010810811,0.001110885,0.102756846,26.5,,,,2.8,32.77161667,-79.92473333
CS1,6/9/2021,0.007,0.586,5.6881,0.011945392,0.001230639,0.103022099,28.5,,,,3.4944,32.71671667,-79.93056389
FB1,6/9/2021,0.007,0.61,7.6061,0.01147541,0.000920314,0.080198788,28,,,,3.8784,32.66033611,-79.94351111
FC1,6/9/2021,0.002,0.323,2.1071,0.00619195,0.000949172,0.153291253,27.5,,,,4.7174,32.89123611,-79.97089167
HC1,6/9/2021,0.006,0.312,3.7831,0.019230769,0.001586001,0.082472047,27.5,,,,3.4295,32.82426944,-79.88969167
HC2,6/9/2021,0.014,1.006,5.9656,0.013916501,0.002346788,0.168633499,28,,,,3.192,32.82524444,-79.87728611
JIC1,6/9/2021,0.011,0.882,10.1526,0.012471655,0.001083466,0.086874298,27.5,,,,4.4472,32.75069722,-79.95013333
JIC2,6/9/2021,0,0,5.9906,,0,0,28.5,,,,4.3044,32.7445,-79.97116667
SC1,6/9/2021,0.006,0.446,8.0051,0.013452915,0.000749522,0.055714482,26.5,,,,3.84,32.79041667,-79.88506389
SC2,6/9/2021,0.005,0.256,6.0241,0.01953125,0.00083,0.042495975,28.5,,,,2.5,32.79319444,-79.87646389
SC3,6/9/2021,0.012,0.941,6.8156,0.012752391,0.001760667,0.138065614,29,,,,2.8,32.80481667,-79.86159722
SR1,6/9/2021,na,,,,,,,,,,,32.66838056,-79.99750278
WC1,6/9/2021,0.006,0.406,4.9396,0.014778325,0.001214673,0.08219289,28,,,,4.3164,32.76715278,-79.97273889
WR1,6/9/2021,0.007,0.513,4.2201,0.013645224,0.001658728,0.1215611,27.5,,,,2.926,32.85537778,-79.90159167
AR1,6/16/2021,0.0084,0.257,10.5576,0.032684825,0.000795635,0.024342654,29,21,,,1.722,32.77628333,-79.95345
AR2,6/16/2021,0.0074,0.326,6.7221,0.022699387,0.001100846,0.04849675,29,19,,,1.449,32.78831111,-79.96333889
AR3,6/16/2021,0.0144,0.629,10.9256,0.022893482,0.001318005,0.057571209,28.5,14,,,1.197,32.83527222,-79.98680278
CC1,6/16/2021,0.0044,0.398,13.8856,0.011055276,0.000316875,0.028662787,28.5,28,,,2.3655,32.76276389,-79.856175
CH1,6/16/2021,0.0044,0.233,14.8456,0.01888412,0.000296384,0.015694886,28.5,23,,,2.2,32.75498056,-79.91612222
CH2,6/16/2021,0.0004,0.088,6.0611,0.004545455,6.60E-05,0.014518817,28.5,23,,,2.77,32.79008333,-79.911
CH3,6/16/2021,0.0034,0.033,10.1141,0.103030303,0.000336164,0.003262772,28.5,23,,,3.55,32.77161667,-79.92473333
CS1,6/16/2021,0.0074,0.244,8.2456,0.030327869,0.000897448,0.02959154,29.5,31,,,2.77,32.71671667,-79.93056389
FB1,6/16/2021,0,0,7.3371,,0,0,28.5,32,,,2.09,32.66033611,-79.94351111
FC1,6/16/2021,0.0144,0.303,5.3611,0.047524752,0.002686016,0.056518252,27,2,,,0.92,32.89123611,-79.97089167
HC1,6/16/2021,0.0014,0.389,5.6286,0.003598972,0.00024873,0.069111324,29,20,,,2.8975,32.82426944,-79.88969167
HC2,6/16/2021,0.0084,0.255,12.1726,0.032941176,0.000690074,0.020948688,29.5,20,,,2.8975,32.82524444,-79.87728611
JIC1,6/16/2021,0.0024,0.25,11.0576,0.0096,0.000217045,0.022608884,29,19,,,2.016,32.75069722,-79.95013333
JIC2,6/16/2021,0.0134,0.619,8.7176,0.021647819,0.00153712,0.071005781,29,14,,,2.016,32.7445,-79.97116667
SC1,6/16/2021,0.0034,0.097,18.8936,0.035051546,0.000179955,0.005134014,29,24,,,2.77,32.79041667,-79.88506389
SC2,6/16/2021,0.0074,0.39,11.8581,0.018974359,0.000624046,0.032888911,28,27,,,3.55,32.79319444,-79.87646389
SC3,6/16/2021,0.0074,0.417,10.1531,0.017745803,0.000728841,0.0410712,27,6,,,3.55,32.80481667,-79.86159722
SR1,6/16/2021,,,,,,,,,,,,32.66838056,-79.99750278
WC1,6/16/2021,0.0074,0.429,15.1281,0.017249417,0.000489156,0.028357824,28,22,,,1.6236,32.76715278,-79.97273889
WR1,6/16/2021,0.0044,0.101,7.2101,0.043564356,0.000610255,0.014008127,29,23,,,3.2769,32.85537778,-79.90159167
AR1,6/23/2021,,,6.205,,,,28,24,,,4.3026,32.77628333,-79.95345
AR2,6/23/2021,,,8.765,,,,27.5,23,,,4.545,32.78831111,-79.96333889
AR3,6/23/2021,,,8.54,,,,27.5,16,,,4.815,32.83527222,-79.98680278
CC1,6/23/2021,,,6.545,,,,27.5,26,,,3.5793,32.76276389,-79.856175
CH1,6/23/2021,,,12.125,,,,27.5,24,,,3.8703,32.75498056,-79.91612222
CH2,6/23/2021,,,6.015,,,,28,24,,,2.67,32.79008333,-79.911
CH3,6/23/2021,,,8.735,,,,28.5,24,,,0.83,32.77161667,-79.92473333
CS1,6/23/2021,,,9.28,,,,27,31,,,2.7234,32.71671667,-79.93056389
FB1,6/23/2021,,,8.815,,,,27.5,34,,,3.4037,32.66033611,-79.94351111
FC1,6/23/2021,,,2.415,,,,27,8,,,4.8513,32.89123611,-79.97089167
HC1,6/23/2021,,,5.87,,,,28,21,,,2.277,32.82426944,-79.88969167
HC2,6/23/2021,,,37.195,,,,28,18,,,1.9008,32.82524444,-79.87728611
JIC1,6/23/2021,,,11.06,,,,27,22,,,4.3452,32.75069722,-79.95013333
JIC2,6/23/2021,,,8.785,,,,27.5,16,,,3.7638,32.7445,-79.97116667
SC1,6/23/2021,,,9.34,,,,27.5,27,,,2.9898,32.79041667,-79.88506389
SC2,6/23/2021,,,11.935,,,,27,23,,,1.5345,32.79319444,-79.87646389
SC3,6/23/2021,,,23.485,,,,27,6,,,1.9008,32.80481667,-79.86159722
SR1,6/23/2021,,,,,,,,,,,,32.66838056,-79.99750278
WC1,6/23/2021,,,8.295,,,,27.5,23,,,3.9501,32.76715278,-79.97273889
WR1,6/23/2021,,,5.34,,,,28.5,22,,,1.5345,32.85537778,-79.90159167
AR1,6/30/2021,0,0,7.0015,,0,0,29,21,,,0.1155,32.77628333,-79.95345
AR2,6/30/2021,0.044,0.974,48.9005,0.045174538,0.000899786,0.019917997,29,19,,,0.1155,32.78831111,-79.96333889
AR3,6/30/2021,0.007,0.29,9.427,0.024137931,0.000742548,0.030762703,29.5,14,,,0.1155,32.83527222,-79.98680278
CC1,6/30/2021,0,0.039,14.3405,0,0,0.00271957,29,30,,,0.5035,32.76276389,-79.856175
CH1,6/30/2021,0.002,0.269,8.524,0.007434944,0.000234632,0.031557954,29,23,,,0.35,32.75498056,-79.91612222
CH2,6/30/2021,0,0.116,4.617,0,0,0.02512454,29,21,,,1,32.79008333,-79.911
CH3,6/30/2021,0,0.167,6.0295,0,0,0.027697156,29,20,,,2.51,32.77161667,-79.92473333
CS1,6/30/2021,0.001,0.086,13.8815,0.011627907,7.20E-05,0.006195296,30,32,,,1.28,32.71671667,-79.93056389
FB1,6/30/2021,0,0.065,7.7845,0,0,0.008349926,29.5,33,,,0.7125,32.66033611,-79.94351111
FC1,6/30/2021,0.007,0.205,3.9525,0.034146341,0.001771031,0.051865908,28.5,5,,,0.07,32.89123611,-79.97089167
HC1,6/30/2021,0.002,0.112,14.271,0.017857143,0.000140144,0.007848084,29,22,,,1.216,32.82426944,-79.88969167
HC2,6/30/2021,0,0.107,21.9105,0,0,0.004883503,29,21,,,1.4915,32.82524444,-79.87728611
JIC1,6/30/2021,0,0.061,7.385,0,0,0.008259986,30,23,,,0.2205,32.75069722,-79.95013333
JIC2,6/30/2021,0.003,0.05,11.441,0.06,0.000262215,0.004370247,29.5,20,,,0.3675,32.7445,-79.97116667
SC1,6/30/2021,0.002,0.229,9.284,0.008733624,0.000215424,0.024666092,30,28,,,0.75,32.79041667,-79.88506389
SC2,6/30/2021,0.002,0.161,8.3655,0.01242236,0.000239077,0.019245712,29.5,27,,,2.2,32.79319444,-79.87646389
SC3,6/30/2021,0.004,0.202,7.581,0.01980198,0.000527635,0.026645561,29.5,16,,,1.88,32.80481667,-79.86159722
SR1,6/30/2021,,,,,,,,,,,,32.66838056,-79.99750278
WC1,6/30/2021,0.008,0.328,10.2715,0.024390244,0.000778854,0.031933019,29.5,25,,,0.2079,32.76715278,-79.97273889
WR1,6/30/2021,0.001,0.159,7.0125,0.006289308,0.000142602,0.022673797,29.5,23,,,1.8612,32.85537778,-79.90159167
AR1,7/7/2021,0.0042,0,7.4946,,0.000560403,0,29.5,25,6.33,0.018592723,3.535,32.77628333,-79.95345
AR2,7/7/2021,0.0022,0,10.6591,,0.000206396,0,30,24,7.8,0.082705562,3.535,32.78831111,-79.96333889
AR3,7/7/2021,0.0052,0.102,12.9476,0.050980392,0.000401619,0.007877908,30,20,14.08,0.331142811,3.9911,32.83527222,-79.98680278
CC1,7/7/2021,0.0022,0.04,7.7106,0.055,0.000285322,0.005187664,29.5,28,6.33,0,2.6481,32.76276389,-79.856175
CH1,7/7/2021,0.0022,0,11.7951,,0.000186518,0,29.5,26,5.65,0.068280173,3.1622,32.75498056,-79.91612222
CH2,7/7/2021,,,,,,,,,NA,NA,0,32.79008333,-79.911
CH3,7/7/2021,0.0032,0.16,7.2891,0.02,0.000439012,0.021950584,,26,7.22,0.061868889,1.63,32.77161667,-79.92473333
CS1,7/7/2021,0.0072,0.109,14.5786,0.066055046,0.000493875,0.007476712,30.5,32,5.65,0.049046322,1.938,32.71671667,-79.93056389
FB1,7/7/2021,0.0072,0.261,9.3816,0.027586207,0.00076746,0.027820414,30.5,33,6.53,0.016989902,2.4108,32.66033611,-79.94351111
FC1,7/7/2021,0.0032,0,4.6396,,0.000689715,0,29.5,11,11.24,0.672543677,4.0376,32.89123611,-79.97089167
HC1,7/7/2021,,,,,,,,,NA,NA,,32.82426944,-79.88969167
HC2,7/7/2021,0.0022,0.081,21.1316,0.027160494,0.000104109,0.003833122,30,21,7.12,0,1.1088,32.82524444,-79.87728611
JIC1,7/7/2021,0.0032,0.167,13.9121,0.019161677,0.000230016,0.012003939,30,24,6.53,0.044237859,3.3252,32.75069722,-79.95013333
JIC2,7/7/2021,0.0072,0,12.7806,,0.000563354,0,30.5,23,5.84,0.368007694,3.3252,32.7445,-79.97116667
SC1,7/7/2021,0.0022,0.127,9.1751,0.017322835,0.000239779,0.013841811,30,28,8.49,0.039429396,2.4477,32.79041667,-79.88506389
SC2,7/7/2021,0.0062,0.27,16.3761,0.022962963,0.000378601,0.016487442,30,26,9.47,0.060266068,1.1144,32.79319444,-79.87646389
SC3,7/7/2021,0.0102,0.217,11.2016,0.047004608,0.000910584,0.019372233,30,22,12.22,0.172463536,1.1144,32.80481667,-79.86159722
SR1,7/7/2021,0.0082,0.23,6.6526,0.035652174,0.001232601,0.034572949,30,33,5.94,0.005770155,2.7573,32.66838056,-79.99750278
WC1,7/7/2021,0.0062,0.23,8.9806,0.026956522,0.000690377,0.025610761,30,24,7.02,0.065074531,3.465,32.76715278,-79.97273889
WR1,7/7/2021,,,,,,,,,NA,NA,,32.85537778,-79.90159167
AR1,7/14/2021,0.011,0.02,6.973,0.55,0.001577513,0.002868206,30,20,8.88,0.18,3.1518,32.77628333,-79.95345
AR2,7/14/2021,0.011,0.04,7.6935,0.275,0.001429778,0.005199194,30,24,9.67,0.216,3.4505,32.78831111,-79.96333889
AR3,7/14/2021,0.018,0.196,7.4265,0.091836735,0.002423753,0.026391975,30,11,9.86,0.879,2.562,32.83527222,-79.98680278
CC1,7/14/2021,0.013,0.273,10.931,0.047619048,0.001189278,0.024974842,30,26,5.06,0.035,2.014,32.76276389,-79.856175
CH1,7/14/2021,0.01,0.038,5.967,0.263157895,0.001675884,0.006368359,,21,7.02,0.148,2.4034,32.75498056,-79.91612222
CH2,7/14/2021,0.009,0,6.347,,0.001417993,0,30,21,6.92,0.035,3.87,32.79008333,-79.911
CH3,7/14/2021,0.01,0.231,4.7745,0.043290043,0.00209446,0.04838203,30,22,4.96,0.028,3.62,32.77161667,-79.92473333
CS1,7/14/2021,0.013,0,9.351,,0.001390226,0,30,33,5.06,0.049,4.1718,32.71671667,-79.93056389
FB1,7/14/2021,0.006,0,5.248,,0.001143293,0,30,34,5.35,0.051,3.7926,32.66033611,-79.94351111
FC1,7/14/2021,0.017,0.024,2.8335,0.708333333,0.005999647,0.00847009,28,2,6.82,0.169,2.12,32.89123611,-79.97089167
HC1,7/14/2021,0.011,0,6.087,,0.00180713,0,29.5,20,7.12,0.06,4.2127,32.82426944,-79.88969167
HC2,7/14/2021,0.011,0.157,10.8835,0.070063694,0.001010704,0.014425507,30,21,6.14,0,4.4084,32.82524444,-79.87728611
JIC1,7/14/2021,0.013,0.071,15.4055,0.183098592,0.000843854,0.004608744,30,20,6.53,0.23,2.84625,32.75069722,-79.95013333
JIC2,7/14/2021,0.014,0.367,10.12,0.038147139,0.001383399,0.036264822,30,18,6.63,0.424,3.1671,32.7445,-79.97116667
SC1,7/14/2021,0.013,0.018,6.3165,0.722222222,0.002058102,0.002849679,30.5,25,5.84,0.062,1.8,32.79041667,-79.88506389
SC2,7/14/2021,0.009,0,11.0325,,0.000815772,0,30,27,6.14,0.019,4.57,32.79319444,-79.87646389
SC3,7/14/2021,0.014,0.233,8.9685,0.060085837,0.001561019,0.025979818,30.5,24,7.41,0.086,4.57,32.80481667,-79.86159722
SR1,7/14/2021,0.011,0,6.103,,0.001802392,0,29.5,28,6.92,0.062,3.5476,32.66838056,-79.99750278
WC1,7/14/2021,0.012,0.11,8.3665,0.109090909,0.001434292,0.013147672,30,20,7.51,0.251,3.0294,32.76715278,-79.97273889
WR1,7/14/2021,0.008,0,6.7975,,0.001176903,0,30,22,5.75,0.046,4.5732,32.85537778,-79.90159167
AR1,7/21/2021,0.0052,0.15,3.6053,0.034666667,0.001442321,0.041605414,,21,18.58,0.33,2.3999,32.77628333,-79.95345
AR2,7/21/2021,0.0082,0.388,6.0443,0.021134021,0.00135665,0.06419271,,20,21.26,0.318,2.0497,32.78831111,-79.96333889
AR3,7/21/2021,0.0092,0.221,2.6153,0.041628959,0.003517761,0.084502734,29.5,14,23.34,0.573,3.21,32.83527222,-79.98680278
CC1,7/21/2021,0.0062,0.388,3.0883,0.015979381,0.002007577,0.125635463,,27,12.34,0.147,3.4656,32.76276389,-79.856175
CH1,7/21/2021,0.0062,0.183,5.0823,0.033879781,0.00121992,0.03600732,,26,12.07,0.153,2.955,32.75498056,-79.91612222
CH2,7/21/2021,0.0052,0.095,2.7083,0.054736842,0.001920024,0.035077355,,25,9.65,0.133,0.43,32.79008333,-79.911
CH3,7/21/2021,0.0042,0.178,6.5213,0.023595506,0.000644043,0.027295171,,27,12.74,0.22,1.66,32.77161667,-79.92473333
CS1,7/21/2021,0.0102,0.322,13.5698,0.031677019,0.000751669,0.023729163,29,34,13.14,0.204,0.71,32.71671667,-79.93056389
FB1,7/21/2021,0.0052,0.355,6.7098,0.014647887,0.000774986,0.052907687,29,35,7.03,0.21,-0.0392,32.66033611,-79.94351111
FC1,7/21/2021,0.0382,0.951,3.0948,0.040168244,0.012343286,0.307289647,27.5,6,16.03,0.328,3.4093,32.89123611,-79.97089167
HC1,7/21/2021,0.0132,0.483,3.7018,0.027329193,0.003565833,0.130477065,,22,8.58,0.207,0.9595,32.82426944,-79.88969167
HC2,7/21/2021,0.0052,0.282,19.9528,0.018439716,0.000260615,0.014133355,,20,9.45,0.156,0.6745,32.82524444,-79.87728611
JIC1,7/21/2021,0.0102,0.199,4.7148,0.051256281,0.0021634,0.042207517,,22,15.09,0.303,2.76345,32.75069722,-79.95013333
JIC2,7/21/2021,0.0062,0.318,11.9578,0.019496855,0.00051849,0.026593521,28.5,19,10.86,0.504,2.05965,32.7445,-79.97116667
SC1,7/21/2021,0.0092,0.662,4.9918,0.013897281,0.001843023,0.132617493,,27,9.58,0.151,0.18,32.79041667,-79.88506389
SC2,7/21/2021,0.0052,0.243,7.3018,0.021399177,0.000712153,0.033279465,29,23,10.79,0.168,-0.22,32.79319444,-79.87646389
SC3,7/21/2021,0.0102,0.335,13.6738,0.030447761,0.000745952,0.024499408,28.5,9,12.81,0.331,-0.04,32.80481667,-79.86159722
SR1,7/21/2021,0.0072,0.149,5.0393,0.048322148,0.00142877,0.029567599,29.5,31,8.91,0.157,1.6268,32.66838056,-79.99750278
WC1,7/21/2021,0.0112,0.338,6.9398,0.033136095,0.001613879,0.048704574,29.5,22,16.83,0.367,2.3067,32.76715278,-79.97273889
WR1,7/21/2021,0.0032,0.09,3.3318,0.035555556,0.000960442,0.027012426,,24,13.01,0.157,1.2635,32.85537778,-79.90159167
AR1,7/28/2021,,,,,,,,,NA,,,32.77628333,-79.95345
AR2,7/28/2021,-0.0014,0.103,4.3238,-0.013592233,-0.000323789,0.023821638,30,18,31.04,0.158,2.2557,32.78831111,-79.96333889
AR3,7/28/2021,0.0086,0.446,6.3413,0.019282511,0.001356189,0.070332582,29,10,36.24,0.669,4.8043,32.83527222,-79.98680278
CC1,7/28/2021,-0.0004,0.117,9.1688,-0.003418803,-4.36E-05,0.012760667,,29,10.25,0.084,2.1024,32.76276389,-79.856175
CH1,7/28/2021,,,,,,,,,NA,,,32.75498056,-79.91612222
CH2,7/28/2021,,,,,,,,,NA,na,0,32.79008333,-79.911
CH3,7/28/2021,,,,,,,,,NA,na,0,32.77161667,-79.92473333
CS1,7/28/2021,0.0036,0.233,8.9668,0.015450644,0.000401481,0.025984744,30,33,8.1,0.161,4.2016,32.71671667,-79.93056389
FB1,7/28/2021,-0.0004,0.171,7.0443,-0.002339181,-5.68E-05,0.024274946,30,34,11.14,0.111,3.4104,32.66033611,-79.94351111
FC1,7/28/2021,0.0486,1.143,3.2328,0.042519685,0.015033408,0.353563474,28,2,13.29,0.228,4.1612,32.89123611,-79.97089167
HC1,7/28/2021,,,,,,,,,NA,na,,32.82426944,-79.88969167
HC2,7/28/2021,0.0026,0.169,24.0398,0.015384615,0.000108154,0.007030009,30.5,22,9.76,0.274,3.1482,32.82524444,-79.87728611
JIC1,7/28/2021,,,,,,,,,NA,na,,32.75069722,-79.95013333
JIC2,7/28/2021,0.0026,0.297,12.3313,0.008754209,0.000210846,0.024085052,30.5,21,16.43,0.409,2.94975,32.7445,-79.97116667
SC1,7/28/2021,0.0016,0.335,7.7053,0.004776119,0.000207649,0.043476568,,26,19.57,0.231,4.7916,32.79041667,-79.88506389
SC2,7/28/2021,0.0056,0.352,5.5753,0.015909091,0.00100443,0.063135616,28.5,20,16.73,0.058,4.7916,32.79319444,-79.87646389
SC3,7/28/2021,0.0016,0.26,6.2983,0.006153846,0.000254037,0.041280981,30,24,12.51,0.111,2.4948,32.80481667,-79.86159722
SR1,7/28/2021,0,0.186,5.8858,0,0,0.031601482,30,30,11.53,0.06,3.1164,32.66838056,-79.99750278
WC1,7/28/2021,0.0056,0.375,4.6068,0.014933333,0.001215594,0.081401407,30.5,20,16.24,0.137,2.4948,32.76715278,-79.97273889
WR1,7/28/2021,0.0026,0.4,5.3593,0.0065,0.000485138,0.074636613,29.5,24,13.78,0.127,3.7323,32.85537778,-79.90159167
AR1,8/4/2021,0.0046,0.302,3.0258,0.015231788,0.001520259,0.099808315,29,20,16.56,0.167,2.266,32.77628333,-79.95345
AR2,8/4/2021,0.0046,0.312,3.8633,0.01474359,0.001190692,0.080759972,29.5,20,13.14,0.166,2.266,32.78831111,-79.96333889
AR3,8/4/2021,0.0026,0.329,3.1118,0.007902736,0.000835529,0.105726589,29.5,13,15.42,4.061,2.597,32.83527222,-79.98680278
CC1,8/4/2021,0.0026,0.277,6.2818,0.009386282,0.000413894,0.044095641,28,26,8.51,0.27,1.4208,32.76276389,-79.856175
CH1,8/4/2021,0.0036,0.291,4.6768,0.012371134,0.000769757,0.062222032,28,22,14.62,0.181,1.6745,32.75498056,-79.91612222
CH2,8/4/2021,0.0036,0.425,2.8918,0.008470588,0.001244899,0.146967287,30,25,9.79,0.1,1.07,32.79008333,-79.911
CH3,8/4/2021,0.0026,0.256,2.9458,0.01015625,0.000882613,0.086903388,29,24,9.38,0.113,0.57,32.77161667,-79.92473333
CS1,8/4/2021,0.0046,0.236,14.5958,0.019491525,0.000315159,0.016169035,29,32,5.22,0.098,1.07,32.71671667,-79.93056389
FB1,8/4/2021,0.0026,0.264,6.7573,0.009848485,0.000384769,0.039068859,29.5,33,7.23,0.231,1.197,32.66033611,-79.94351111
FC1,8/4/2021,0.0156,0.399,1.5413,0.039097744,0.010121326,0.25887238,26.5,2,7.17,0.367,2.75065,32.89123611,-79.97089167
HC1,8/4/2021,0.0016,0.132,7.1343,0.012121212,0.000224269,0.018502166,29,21,10.46,0.075,0.855,32.82426944,-79.88969167
HC2,8/4/2021,0.0016,0.226,32.2928,0.007079646,4.95E-05,0.006998464,29,20,5.83,0.223,0.722,32.82524444,-79.87728611
JIC1,8/4/2021,0.0056,0.26,5.1938,0.021538462,0.001078209,0.050059687,30,21,9.32,0.134,2.01825,32.75069722,-79.95013333
JIC2,8/4/2021,0.0066,0.251,10.1373,0.026294821,0.000651061,0.024760045,29,18,6.63,0.22,1.7595,32.7445,-79.97116667
SC1,8/4/2021,0.0036,0.216,7.2838,0.016666667,0.000494248,0.02965485,27,28,6.7,0.223,1.2537,32.79041667,-79.88506389
SC2,8/4/2021,0.0026,0.266,13.7193,0.009774436,0.000189514,0.019388744,28.5,23,5.36,0.136,0.56715,32.79319444,-79.87646389
SC3,8/4/2021,0.0026,0.175,16.2538,0.014857143,0.000159963,0.010766713,27.5,10,8.91,0.131,0.64675,32.80481667,-79.86159722
SR1,8/4/2021,0.0066,0.247,3.3238,0.026720648,0.001985679,0.074312534,30.5,26,9.52,0.097,1.406,32.66838056,-79.99750278
WC1,8/4/2021,0.0036,0.194,3.9663,0.018556701,0.000907647,0.048912084,30.5,20,11.93,0.124,1.9305,32.76715278,-79.97273889
WR1,8/4/2021,0.0006,0.178,6.3828,0.003370787,9.40E-05,0.027887448,29,22,7.17,0.06,0.6175,32.85537778,-79.90159167
AR1,8/11/2021,0.0136,0.687,4.477,0.019796215,0.003037748,0.153450972,30.5,25,11.73,0.088,4.5217,32.77628333,-79.95345
AR2,8/11/2021,0.0106,0.33,6.6855,0.032121212,0.001585521,0.049360556,30.5,22,18.98,0.109,4.2539,32.78831111,-79.96333889
AR3,8/11/2021,0.0046,0.302,3.879,0.015231788,0.001185873,0.077855117,30,13,23.07,0.314,4.4191,32.83527222,-79.98680278
CC1,8/11/2021,0.0046,0.193,5.195,0.023834197,0.000885467,0.037151107,30,29,8.38,0.043,4.8403,32.76276389,-79.856175
CH1,8/11/2021,0.0006,0.036,4.8825,0.016666667,0.000122888,0.007373272,30,25,12.4,0.079,4.7477,32.75498056,-79.91612222
CH2,8/11/2021,0.0016,0.084,2.971,0.019047619,0.000538539,0.028273309,30,25,11.33,0.065,5.22,32.79008333,-79.911
CH3,8/11/2021,0.0026,0.183,2.935,0.01420765,0.00088586,0.062350937,31,26,9.38,0.096,5.32,32.77161667,-79.92473333
CS1,8/11/2021,0.0076,0.222,9.1575,0.034234234,0.000829921,0.024242424,31.5,33,7.64,0.042,5.5016,32.71671667,-79.93056389
FB1,8/11/2021,0.0106,0.59,5.141,0.017966102,0.002061856,0.114763665,30.5,35,4.21,0,5.2722,32.66033611,-79.94351111
FC1,8/11/2021,0.0146,0.398,5.18,0.036683417,0.002818533,0.076833977,29.5,3,8.71,0.103,3.9552,32.89123611,-79.97089167
HC1,8/11/2021,0.0056,0.182,4.402,0.030769231,0.001272149,0.041344843,30,25,11.87,0.076,5.4487,32.82426944,-79.88969167
HC2,8/11/2021,0.0046,0.204,4.6065,0.02254902,0.000998589,0.044285249,30,24,11.19,0.041,5.4487,32.82524444,-79.87728611
JIC1,8/11/2021,0.0056,0.245,8.323,0.022857143,0.000672834,0.029436501,30,23,21.19,0.114,4.7817,32.75069722,-79.95013333
JIC2,8/11/2021,0.0056,0.151,5.229,0.037086093,0.00107095,0.028877414,31,22,12.07,0.183,4.9887,32.7445,-79.97116667
SC1,8/11/2021,0.0186,1.236,5.886,0.015048544,0.003160041,0.209989806,30,28,8.71,0.03,5.0688,32.79041667,-79.88506389
SC2,8/11/2021,0.0196,0.586,6.3125,0.033447099,0.00310495,0.092831683,30.5,30,10.99,0.083,5.2668,32.79319444,-79.87646389
SC3,8/11/2021,0.0006,0.184,4.6805,0.00326087,0.000128191,0.039312039,31,30,7.57,0.057,5.2668,32.80481667,-79.86159722
SR1,8/11/2021,0.0026,0.191,7.4965,0.013612565,0.000346829,0.025478557,30.5,32,11.4,0.04,5.0399,32.66838056,-79.99750278
WC1,8/11/2021,0.0036,0.279,4.322,0.012903226,0.000832948,0.064553447,30.5,22,15.42,0.09,4.5738,32.76715278,-79.97273889
WR1,8/11/2021,0,0.023,4.5635,0,0,0.005039991,30.5,25,10.72,0.099,5.4899,32.85537778,-79.90159167
AR1,8/18/2021,,,,,,,,,na,na,,32.77628333,-79.95345
AR2,8/18/2021,0.01,,4.222,,0.002368546,0,29,17,9.65,0.45,1.743,32.78831111,-79.96333889
AR3,8/18/2021,0.012,,5.956,,0.002014775,0,29,8,12.74,0.791,0.441,32.83527222,-79.98680278
CC1,8/18/2021,0.008,,29.495,,0.000271232,0,29,25,5.49,0.086,0.038,32.76276389,-79.856175
CH1,8/18/2021,0.008,,10.338,,0.000773844,0,29,23,8.78,0.174,0.00097,32.75498056,-79.91612222
CH2,8/18/2021,,,,,,,,,na,na,0,32.79008333,-79.911
CH3,8/18/2021,0.01,,9.806,,0.001019784,0,29,20,11.26,0.394,0.06,32.77161667,-79.92473333
CS1,8/18/2021,0.008,,16.996,,0.000470699,0,27.5,32,7.7,0.086,0.13,32.71671667,-79.93056389
FB1,8/18/2021,0.006,,6.517,,0.000920669,0,29.5,34,7.37,0,0.399,32.66033611,-79.94351111
FC1,8/18/2021,0.056,,2.275,,0.024615385,0,27.5,0,6.56,0.424,0.04,32.89123611,-79.97089167
HC1,8/18/2021,,,,,,,,,na,na,,32.82426944,-79.88969167
HC2,8/18/2021,0.006,,10.031,,0.000598146,0,29.5,20,5.09,0.057,1.577,32.82524444,-79.87728611
JIC1,8/18/2021,,,,,,,,,na,na,,32.75069722,-79.95013333
JIC2,8/18/2021,0.008,,12.619,,0.000633965,0,27.5,15,8.17,0.475,1.155,32.7445,-79.97116667
SC1,8/18/2021,0.008,,6.295,,0.00127085,0,29,20,4.01,0.104,0.13,32.79041667,-79.88506389
SC2,8/18/2021,0.012,0.499,10.36,0.024048096,0.001158301,0.048166023,28.5,18,5.76,0.086,0.001,32.79319444,-79.87646389
SC3,8/18/2021,0.011,,11.845,,0.000928662,0,27.5,2,6.3,0.192,0.001,32.80481667,-79.86159722
SR1,8/18/2021,0.005,,4.187,,0.001194172,0,30,30,6.83,0.078,0.589,32.66838056,-79.99750278
WC1,8/18/2021,0.026,,4.544,,0.005721831,0,29.5,17,10.39,0.14,1.3662,32.76715278,-79.97273889
WR1,8/18/2021,0.004,,6.363,,0.000628634,0,29,22,8.38,0.015,1.045,32.85537778,-79.90159167
AR1,8/25/2021,0.001,0.6975,3.189,0.001503759,0.000313578,0.20852932,31,22,11.6,0.112,4.635,32.77628333,-79.95345
AR2,8/25/2021,0.005,11.0385,3.774,,0.001324854,0,31,20,9.18,0.221,4.635,32.78831111,-79.96333889
AR3,8/25/2021,0.005,7.641,4.58,,0.001091703,0,29.5,6,13.74,0.66,4.4838,32.83527222,-79.98680278
CC1,8/25/2021,0.007,4.795,5.169,,0.001354227,0,30.5,26,7.44,0.137,5.0052,32.76276389,-79.856175
CH1,8/25/2021,0.003,3.1455,4.982,,0.000602168,0,30.5,22,10.19,0.205,4.8209,32.75498056,-79.91612222
CH2,8/25/2021,0.005,7.3255,3.227,,0.001549427,0,31,22,8.04,0.158,5.52,32.79008333,-79.911
CH3,8/25/2021,0.005,18.696,5.306,,0.000942329,0,31,26,5.49,0.017,5.52,32.77161667,-79.92473333
CS1,8/25/2021,0.001,4.4035,7.119,,0.000140469,0,30.5,32,5.36,0.196,5.6472,32.71671667,-79.93056389
FB1,8/25/2021,0.003,6.519,5.916,,0.000507099,0,30,35,1.87,0.047,5.3631,32.66033611,-79.94351111
FC1,8/25/2021,0.007,4.7875,1.912,,0.003661088,0,29.5,8,13.54,0.166,3.98895,32.89123611,-79.97089167
HC1,8/25/2021,0.003,3.083,3.86,,0.000777202,0,31,22,6.36,0.137,5.7371,32.82426944,-79.88969167
HC2,8/25/2021,0.001,2.7545,4.161,,0.000240327,0,31,20,8.44,0.158,5.7371,32.82524444,-79.87728611
JIC1,8/25/2021,0.003,5.4495,7.044,,0.000425894,0,30.5,19,10.19,0.295,4.91625,32.75069722,-79.95013333
JIC2,8/25/2021,0.001,4.6865,6.462,,0.000154751,0,30.5,20,8.04,0.44,4.91625,32.7445,-79.97116667
SC1,8/25/2021,0.005,10.3565,6.166,,0.000810898,0,30,25,8.85,0.088,5.3757,32.79041667,-79.88506389
SC2,8/25/2021,0.005,5.239,5.808,,0.000860882,0,30,27,5.09,0.21,5.5143,32.79319444,-79.87646389
SC3,8/25/2021,0.005,9.8,5.78,,0.000865052,0,30.5,26,3.48,0.164,5.5341,32.80481667,-79.86159722
SR1,8/25/2021,0.007,23.6535,7.883,,0.000887987,0,30,32,9.85,0.29,5.0568,32.66838056,-79.99750278
WC1,8/25/2021,0.005,11.5545,4.069,,0.001228803,0,30.5,20,12.13,0.143,4.7025,32.76715278,-79.97273889
WR1,8/25/2021,0.005,3.455,3.804,,0.001314406,0,31,22,9.38,0.158,5.7577,32.85537778,-79.90159167
AR1,9/1/2021,0.003,0.031,4.0451,0.096774194,0.000741638,0.007663593,30.5,18,9.58,0.336,1.26,32.77628333,-79.95345
AR2,9/1/2021,0.005,0,4.9121,,0.001017895,0,30,17,8.44,0.652,1.386,32.78831111,-79.96333889
AR3,9/1/2021,0.004,0.237,3.8181,0.016877637,0.001047641,0.062072759,30,13,13.41,0.549,1.386,32.83527222,-79.98680278
CC1,9/1/2021,0.007,0.303,9.8861,0.02310231,0.000708065,0.030649093,29.5,25,4.15,0.161,0.988,32.76276389,-79.856175
CH1,9/1/2021,0.003,0.187,5.4091,0.016042781,0.000554621,0.03457137,30,23,6.83,0.156,1.1,32.75498056,-79.91612222
CH2,9/1/2021,0.001,0.246,3.4406,0.004065041,0.000290647,0.071499157,30.5,21,5.09,0.103,1,32.79008333,-79.911
CH3,9/1/2021,0.005,0.312,6.0026,0.016025641,0.000832972,0.051977476,30,23,6.03,0.143,1.2,32.77161667,-79.92473333
CS1,9/1/2021,0.008,0.248,17.6791,0.032258065,0.000452512,0.014027863,30,34,4.95,0.376,1.03,32.71671667,-79.93056389
FB1,9/1/2021,0.002,0.166,7.0081,0.012048193,0.000285384,0.023686877,31,33,5.56,0.204,0.95,32.66033611,-79.94351111
FC1,9/1/2021,0.005,0.176,15.8291,0.028409091,0.000315874,0.011118762,29,9,7.17,0.333,1.63,32.89123611,-79.97089167
HC1,9/1/2021,0.001,0.08,7.1746,0.0125,0.000139381,0.011150447,31,21,4.68,0.053,0.9785,32.82426944,-79.88969167
HC2,9/1/2021,0.007,0.369,11.6296,0.01897019,0.000601912,0.03172938,30.5,20,4.62,0.337,0.9785,32.82524444,-79.87728611
JIC1,9/1/2021,0.003,0.128,11.6391,0.0234375,0.000257752,0.010997414,31,20,6.36,0.258,1.26,32.75069722,-79.95013333
JIC2,9/1/2021,0.004,0.26,17.8016,0.015384615,0.000224699,0.014605429,30,18,5.56,0.489,1.155,32.7445,-79.97116667
SC1,9/1/2021,0.006,0.185,10.6296,0.032432432,0.000564462,0.01740423,30,25,4.95,0.156,1,32.79041667,-79.88506389
SC2,9/1/2021,0.001,0.255,9.3181,0.003921569,0.000107318,0.027366094,30,24,6.36,0.146,1.33,32.79319444,-79.87646389
SC3,9/1/2021,0.005,0.212,7.6576,0.023584906,0.000652946,0.027684914,29,16,6.56,0.321,1.33,32.80481667,-79.86159722
SR1,9/1/2021,0.005,0.157,4.6746,0.031847134,0.00106961,0.033585761,30,25,6.83,0.207,0.988,32.66838056,-79.99750278
WC1,9/1/2021,0.01,0.365,3.7176,0.02739726,0.002689907,0.098181623,31,15,7.97,0.467,1.188,32.76715278,-79.97273889
WR1,9/1/2021,0.004,0.122,5.5966,0.032786885,0.00071472,0.021798949,31,22,5.36,0.095,1.045,32.85537778,-79.90159167
AR1,9/8/2021,0.0026,0.16,4.0825,0.01625,0.000636865,0.039191672,29.5,26,10.16,0.167,5.8681,32.77628333,-79.95345
AR2,9/8/2021,0.0086,0.215,5.234,0.04,0.001643103,0.04107757,30,20,14.27,0.356,5.7368,32.78831111,-79.96333889
AR3,9/8/2021,0.0066,0.41,3.984,0.016097561,0.001656627,0.102911647,29,15,16.92,0.707,6.0776,32.83527222,-79.98680278
CC1,9/8/2021,0.0056,0.298,3.882,0.018791946,0.001442555,0.076764554,29.5,30,10.75,0.141,5.82,32.76276389,-79.856175
CH1,9/8/2021,0.0056,0.174,8.6555,0.032183908,0.000646987,0.020102825,29,25,7.31,0.163,5.7909,32.75498056,-79.91612222
CH2,9/8/2021,0.0036,0.306,3.3725,0.011764706,0.001067457,0.090733877,29,25,9.67,0.107,5.94,32.79008333,-79.911
CH3,9/8/2021,0.0036,0.169,5.482,0.021301775,0.000656695,0.030828165,30,30,8.29,0.147,5.56,32.77161667,-79.92473333
CS1,9/8/2021,0.0056,0.232,8.2215,0.024137931,0.000681141,0.028218695,30,31,9.86,0.081,6.084,32.71671667,-79.93056389
FB1,9/8/2021,0.0056,0.305,5.632,0.018360656,0.000994318,0.05415483,28,35,6.63,0.047,6.0499,32.66033611,-79.94351111
FC1,9/8/2021,0.0016,0.189,2.452,0.008465608,0.000652529,0.077079935,29,13,11.43,0.429,5.6753,32.89123611,-79.97089167
HC1,9/8/2021,0.0026,0.284,4.4725,0.00915493,0.00058133,0.063499162,29.5,25,10.45,0.156,6.0255,32.82426944,-79.88969167
HC2,9/8/2021,0.0036,0.125,4.097,0.0288,0.000878692,0.030510129,29.5,25,12.9,0.614,6.0255,32.82524444,-79.87728611
JIC1,9/8/2021,0.0036,0.17,6.702,0.021176471,0.000537153,0.025365563,29.5,25,9.67,0.238,6.0282,32.75069722,-79.95013333
JIC2,9/8/2021,0.0046,0.334,7.2845,0.013772455,0.000631478,0.045850779,30,24,10.45,0.381,6.0894,32.7445,-79.97116667
SC1,9/8/2021,0.0046,0.326,5.513,0.014110429,0.000834391,0.059132958,29,28,8.49,0.138,5.9301,32.79041667,-79.88506389
SC2,9/8/2021,0.0056,0.283,5.5675,0.019787986,0.001005837,0.050830714,29,29,8.59,0.273,5.0787,32.79319444,-79.87646389
SC3,9/8/2021,0.0066,0.282,6.798,0.023404255,0.000970874,0.041482789,30,25,8,0.191,5.3064,32.80481667,-79.86159722
SR1,9/8/2021,0.0056,0.383,5.876,0.01462141,0.000953029,0.065180395,29,34,6.14,0.074,6.06,32.66838056,-79.99750278
WC1,9/8/2021,0.0036,0.243,5.686,0.014814815,0.000633134,0.042736546,30,24,10.45,0.194,5.8509,32.76715278,-79.97273889
WR1,9/8/2021,0.0046,0.252,3.569,0.018253968,0.001288876,0.070608013,30,24,9.96,0.095,5.9019,32.85537778,-79.90159167
AR1,9/15/2021,0.00366,0.232,3.5603,0.015775862,0.001028003,0.065163048,29.5,17,26.43,0.35,0.609,32.77628333,-79.95345
AR2,9/15/2021,0.00066,0.115,4.7553,0.00573913,0.000138793,0.024183543,29,18,18.39,0.298,0.735,32.78831111,-79.96333889
AR3,9/15/2021,0.00366,0.182,5.5833,0.02010989,0.000655526,0.03259721,28.5,10,33.59,0.406,0.735,32.83527222,-79.98680278
CC1,9/15/2021,0.00166,0.349,8.1883,0.004756447,0.000202728,0.04262179,29,26,9.86,0.107,0.4465,32.76276389,-79.856175
CH1,9/15/2021,0.00366,0.354,6.8358,0.010338983,0.000535416,0.051786184,29,23,15.94,0.133,0.5,32.75498056,-79.91612222
CH2,9/15/2021,0.00366,0.231,2.0143,0.015844156,0.001817008,0.114680038,29,20,15.55,0.153,0.52,32.79008333,-79.911
CH3,9/15/2021,0.00666,0.18,2.6168,0.037,0.002545093,0.068786304,29,21,16.04,0.13,1.15,32.77161667,-79.92473333
CS1,9/15/2021,0.00566,0.3,10.0393,0.018866667,0.000563784,0.029882562,30,30,9.76,0.136,0.61,32.71671667,-79.93056389
FB1,9/15/2021,-0.00134,0.182,5.8513,-0.007362637,-0.000229009,0.031104199,29.5,33,5.65,0.084,0.494,32.66033611,-79.94351111
FC1,9/15/2021,0.00366,0.363,6.9398,0.010082645,0.000527393,0.052306983,27.5,6,26.24,0.187,1.04,32.89123611,-79.97089167
HC1,9/15/2021,0.00066,0.259,5.8143,0.002548263,0.000113513,0.044545345,29,20,9.67,0.093,0.5795,32.82426944,-79.88969167
HC2,9/15/2021,0.00166,0.027,12.8143,0.061481481,0.000129543,0.002107021,29,20,9.37,0.103,0.7125,32.82524444,-79.87728611
JIC1,9/15/2021,0.00566,0.329,10.0963,0.017203647,0.000560601,0.032586195,29.5,20,10.06,0.194,0.525,32.75069722,-79.95013333
JIC2,9/15/2021,0.00766,0.356,19.2108,0.021516854,0.000398734,0.018531243,28.5,18,10.06,0.373,0.525,32.7445,-79.97116667
SC1,9/15/2021,0.00266,0.281,17.3398,0.009466192,0.000153404,0.016205493,29,27,9.47,0.083,0.52,32.79041667,-79.88506389
SC2,9/15/2021,0.00566,0.284,7.0658,0.019929577,0.000801042,0.040193609,29,27,7.12,0.15,1.41,32.79319444,-79.87646389
SC3,9/15/2021,0.00166,0.09,4.7398,0.018444444,0.000350226,0.018988143,29,19,9.47,0.278,1.15,32.80481667,-79.86159722
SR1,9/15/2021,0.00166,-0.048,3.1628,-0.034583333,0.000524851,-0.015176426,29.5,25,13.07,0.143,0.4465,32.66838056,-79.99750278
WC1,9/15/2021,0.00566,0.527,3.2378,0.010740038,0.001748101,0.16276484,29.5,20,18.1,0.141,0.495,32.76715278,-79.97273889
WR1,9/15/2021,0.00566,0.179,3.7788,0.031620112,0.00149783,0.047369535,29,22,10.45,0.074,0.8835,32.85537778,-79.90159167
AR1,9/22/2021,0.0008,0.102,3.0468,0.007843137,0.000262571,0.033477747,28,22,18.04,0.279,5.9893,32.77628333,-79.95345
AR2,9/22/2021,0.0088,0.285,3.0003,0.030877193,0.00293304,0.094990501,28,21,17.91,0.368,5.8984,32.78831111,-79.96333889
AR3,9/22/2021,0.0078,0.206,3.7503,0.037864078,0.002079834,0.054928939,27,4,19.79,0.847,6.1097,32.83527222,-79.98680278
CC1,9/22/2021,0.0048,0.182,4.5938,0.026373626,0.001044887,0.039618616,28.5,27,12.13,0.207,5.8394,32.76276389,-79.856175
CH1,9/22/2021,0.0028,0.161,4.3678,0.017391304,0.000641055,0.036860662,28,25,10.66,0.212,5.8103,32.75498056,-79.91612222
CH2,9/22/2021,0.0008,0.067,2.2083,0.011940299,0.00036227,0.030340081,28.5,23,14.95,0.226,5.95,32.79008333,-79.911
CH3,9/22/2021,0.0088,0.165,6.4653,0.053333333,0.001361112,0.025520858,28,28,11.8,0.172,5.36,32.77161667,-79.92473333
CS1,9/22/2021,0.0008,0.129,6.1588,0.00620155,0.000129895,0.020945639,28,29,12.47,0.156,6.188,32.71671667,-79.93056389
FB1,9/22/2021,0.0078,0.363,10.2118,0.021487603,0.000763822,0.035547112,27.5,34,7.23,0.083,6.06,32.66033611,-79.94351111
FC1,9/22/2021,0.0158,0.425,1.4498,0.037176471,0.010898055,0.293143882,27.5,2,10.39,0.461,5.7062,32.89123611,-79.97089167
HC1,9/22/2021,0.0028,0.171,2.6573,0.016374269,0.001053701,0.064351033,28.5,21,14.01,0.174,6.0255,32.82426944,-79.88969167
HC2,9/22/2021,0.0058,0.194,2.7743,0.029896907,0.002090617,0.069927549,28.5,20,11.93,0.25,6.0255,32.82524444,-79.87728611
JIC1,9/22/2021,0.0038,0.215,4.9853,0.017674419,0.000762241,0.043126793,28,22,9.79,0.249,6.0486,32.75069722,-79.95013333
JIC2,9/22/2021,0.0048,0.185,4.0918,0.025945946,0.001173078,0.045212376,27.5,19,17.7,0.36,6.0486,32.7445,-79.97116667
SC1,9/22/2021,0.0038,0.144,3.6048,0.026388889,0.00105415,0.039946738,28.5,25,14.89,0.223,5.8905,32.79041667,-79.88506389
SC2,9/22/2021,0.0018,0.117,3.7448,0.015384615,0.000480667,0.031243324,28,25,13.88,0.274,5.5044,32.79319444,-79.87646389
SC3,9/22/2021,0.0018,0.209,3.3863,0.00861244,0.000531554,0.061719281,28,18,5.96,0.225,5.5044,32.80481667,-79.86159722
SR1,9/22/2021,0.0088,0.319,11.7913,0.027586207,0.000746313,0.027053845,28,33,6.23,0.099,6.0802,32.66838056,-79.99750278
WC1,9/22/2021,0.0028,0.156,3.1103,0.017948718,0.000900235,0.050155934,28,21,13.48,0.293,5.7816,32.76715278,-79.97273889
WR1,9/22/2021,0.0048,0.178,2.3708,0.026966292,0.002024633,0.075080142,28,21,11.93,0.219,5.8916,32.85537778,-79.90159167
AR1,9/29/2021,0.0012,-0.062,1.3961,-0.019354839,0.000859537,-0.044409426,26.5,20,8.24,0.313,1.5435,32.77628333,-79.95345
AR2,9/29/2021,0.0052,-0.029,1.1821,-0.179310345,0.004398951,-0.024532611,26,15,13.48,0.341,1.407,32.78831111,-79.96333889
AR3,9/29/2021,0.0032,-0.039,2.1131,-0.082051282,0.001514363,-0.018456296,25.5,10,10.32,0.376,1.407,32.83527222,-79.98680278
CC1,9/29/2021,0.0002,-0.008,3.7146,-0.025,5.38E-05,-0.002153664,26,24,9.58,0.046,1.7955,32.76276389,-79.856175
CH1,9/29/2021,0.0012,-0.001,2.2466,-1.2,0.00053414,-0.000445117,26,19,9.32,0.231,1.58,32.75498056,-79.91612222
CH2,9/29/2021,-0.0008,-0.036,1.6451,0.022222222,-0.000486293,-0.021883168,27,19,8.91,0.08,2.09,32.79008333,-79.911
CH3,9/29/2021,0.0012,-0.176,2.2546,-0.006818182,0.000532245,-0.078062628,27.5,22,8.31,0.058,3.04,32.77161667,-79.92473333
CS1,9/29/2021,0.0032,0.103,9.1916,0.031067961,0.000348144,0.011205884,26.5,32,9.58,0.093,2.3,32.71671667,-79.93056389
FB1,9/29/2021,-0.0018,0.041,6.7771,-0.043902439,-0.0002656,0.006049785,26.5,34,7.23,0.04,1.7955,32.66033611,-79.94351111
FC1,9/29/2021,0.0072,0.13,5.0226,0.055384615,0.00143352,0.025883009,25,5,10.79,0.215,1.32,32.89123611,-79.97089167
HC1,9/29/2021,0.0002,0,3.8256,#DIV/0!,5.23E-05,0,27,22,9.25,0.03,2.185,32.82426944,-79.88969167
HC2,9/29/2021,0.0012,-0.059,15.1376,-0.020338983,7.93E-05,-0.00389758,27,20,5.62,0.059,2.413,32.82524444,-79.87728611
JIC1,9/29/2021,0.0082,0.029,8.3151,0.282758621,0.000986158,0.003487631,27,18,9.52,0.279,1.659,32.75069722,-79.95013333
JIC2,9/29/2021,0.0012,0.058,13.4061,0.020689655,8.95E-05,0.004326389,26,16,9.18,0.423,1.659,32.7445,-79.97116667
SC1,9/29/2021,0.0002,0.058,5.6691,0.003448276,3.53E-05,0.010230901,27,24,9.58,0.113,2.09,32.79041667,-79.88506389
SC2,9/29/2021,0.0002,0.034,5.1756,0.005882353,3.86E-05,0.006569287,27,24,5.76,0.117,3.04,32.79319444,-79.87646389
SC3,9/29/2021,0.0012,0.263,5.9506,0.004562738,0.00020166,0.044197224,26,19,8.58,0.211,2.79,32.80481667,-79.86159722
SR1,9/29/2021,0.0012,-0.009,3.0841,-0.133333333,0.000389092,-0.002918193,27,23,8.04,0.123,1.6435,32.66838056,-79.99750278
WC1,9/29/2021,0.0052,0.111,2.4326,0.046846847,0.002137631,0.04563019,27.5,17,10.05,0.153,1.4553,32.76715278,-79.97273889
WR1,9/29/2021,0.0002,0.155,3.1066,0.001290323,6.44E-05,0.049893775,27.5,23,10.26,0.027,2.6505,32.85537778,-79.90159167
AR1,10/6/2021,0.00234,0.291,3.8165,0.008041237,0.000613127,0.076247871,27,23,14.18,0.163,6.4842,32.77628333,-79.95345
AR2,10/6/2021,0.00134,0.241,3.8005,0.005560166,0.000352585,0.063412709,27,22,17.41,0.187,6.5246,32.78831111,-79.96333889
AR3,10/6/2021,0.00334,0.347,2.709,0.00962536,0.001232927,0.128091547,26.5,16,23.88,0.521,6.8694,32.83527222,-79.98680278
CC1,10/6/2021,0.00234,0.219,4.5275,0.010684932,0.000516842,0.048371066,26.5,27,10.06,0.217,5.8588,32.76276389,-79.856175
CH1,10/6/2021,0.00034,0.125,5.6075,0.00272,6.06E-05,0.022291574,26.5,23,13.49,0.175,6.0237,32.75498056,-79.91612222
CH2,10/6/2021,0.00034,0.291,3.1265,0.001168385,0.000108748,0.093075324,27,25,15.16,0.4,5.59,32.79008333,-79.911
CH3,10/6/2021,0.00334,0.169,5.2095,0.019763314,0.000641136,0.032440733,27,25,8.59,0.132,4.26,32.77161667,-79.92473333
CS1,10/6/2021,0.00334,0.239,5.855,0.013974895,0.000570453,0.040819812,26.5,28,7.41,0.219,5.512,32.71671667,-79.93056389
FB1,10/6/2021,0.00234,0.147,9.3595,0.015918367,0.000250013,0.015705967,27,31,2.41,0.073,5.8984,32.66033611,-79.94351111
FC1,10/6/2021,0.00434,0.336,2.9515,0.012916667,0.001470439,0.11384042,26.5,7,20.55,0.431,6.6538,32.89123611,-79.97089167
HC1,10/6/2021,0.00134,0.116,2.8945,0.011551724,0.000462947,0.040076006,27,21,12.41,0.274,5.459,32.82426944,-79.88969167
HC2,10/6/2021,0.00234,0.141,3.4675,0.016595745,0.000674838,0.040663302,27,21,20.35,0.322,5.459,32.82524444,-79.87728611
JIC1,10/6/2021,0.00034,0.139,4.2995,0.002446043,7.91E-05,0.032329341,27,22,16.53,0.207,6.4566,32.75069722,-79.95013333
JIC2,10/6/2021,0.00334,0.288,5.625,0.011597222,0.000593778,0.0512,26.5,20,21.33,0.279,6.3342,32.7445,-79.97116667
SC1,10/6/2021,0.00234,0.174,3.24,0.013448276,0.000722222,0.053703704,27,25,16.33,0.14,5.7816,32.79041667,-79.88506389
SC2,10/6/2021,0.00034,0.265,3.722,0.001283019,9.13E-05,0.07119828,26.5,25,10.45,0.285,4.2174,32.79319444,-79.87646389
SC3,10/6/2021,0.00134,0.195,3.3855,0.006871795,0.000395806,0.057598582,26.5,25,8.49,0.316,4.5837,32.80481667,-79.86159722
SR1,10/6/2021,0.00434,0.083,6.195,0.052289157,0.000700565,0.013397902,27,31,7.31,0.113,6.1004,32.66838056,-79.99750278
WC1,10/6/2021,0.00234,0.243,3.286,0.00962963,0.000712112,0.073950091,27,24,18,0.206,6.2667,32.76715278,-79.97273889
WR1,10/6/2021,0.00434,0.219,2.892,0.019817352,0.001500692,0.075726141,27,20,20.65,0.209,5.1294,32.85537778,-79.90159167
AR1,10/13/2021,0.0046,0.168,2.2025,0.027380952,0.002088536,0.076276958,25,17,6.63,0.203,0.84,32.77628333,-79.95345
AR2,10/13/2021,0.0036,0.201,3.2065,0.017910448,0.001122719,0.062685171,25,17,8.17,0.199,0.672,32.78831111,-79.96333889
AR3,10/13/2021,0.0056,0.275,3.136,0.020363636,0.001785714,0.087691327,24,10,5.03,0.399,0.735,32.83527222,-79.98680278
CC1,10/13/2021,0.0026,0.262,5.3,0.009923664,0.000490566,0.049433962,24,25,3.97,0.058,1.292,32.76276389,-79.856175
CH1,10/13/2021,0.0026,0.112,3.0835,0.023214286,0.000843198,0.036322361,25,20,10.63,0.179,0.95,32.75498056,-79.91612222
CH2,10/13/2021,0.0016,0.118,1.325,0.013559322,0.001207547,0.089056604,26,17,9.63,0.058,1.91,32.79008333,-79.911
CH3,10/13/2021,-0.0004,0.123,2.447,-0.003252033,-0.000163465,0.050265631,26,20,4.9,0.038,3.2,32.77161667,-79.92473333
CS1,10/13/2021,0.0056,0.263,8.858,0.021292776,0.000632197,0.029690675,24,28,6.97,0.042,1.91,32.71671667,-79.93056389
FB1,10/13/2021,0.0036,0.242,5.3855,0.014876033,0.000668462,0.044935475,25,31,1.17,0.015,1.292,32.66033611,-79.94351111
FC1,10/13/2021,0.0116,0.539,20.6095,0.021521336,0.000562847,0.026152988,23,1,4.63,0.241,0.62,32.89123611,-79.97089167
HC1,10/13/2021,0.0016,-0.066,3.1545,-0.024242424,0.000507212,-0.020922492,26,21,10.03,0.037,2.1879,32.82426944,-79.88969167
HC2,10/13/2021,0.0016,0.065,6.4285,0.024615385,0.000248892,0.010111223,26,18,3.23,0.022,2.1879,32.82524444,-79.87728611
JIC1,10/13/2021,0.0046,0.3,3.9765,0.015333333,0.001156796,0.075443229,25,19,3.63,0.144,0.84,32.75069722,-79.95013333
JIC2,10/13/2021,0.0036,0.152,4.433,0.023684211,0.000812091,0.034288292,23.5,17,9.43,0.3,0.9975,32.7445,-79.97116667
SC1,10/13/2021,0.0036,0.264,3.291,0.013636364,0.001093892,0.080218778,25,26,3.23,0.059,1.62,32.79041667,-79.88506389
SC2,10/13/2021,0.0026,0.018,2.5615,0.144444444,0.00101503,0.007027133,25,27,1.37,0.075,2.85565,32.79319444,-79.87646389
SC3,10/13/2021,0.0016,0.082,4.957,0.019512195,0.000322776,0.016542263,24.5,22,1.7,0.134,2.85565,32.80481667,-79.86159722
SR1,10/13/2021,0.0036,0.1,2.3205,0.036,0.00155139,0.043094161,25.5,22,4.5,0.064,1.083,32.66838056,-79.99750278
WC1,10/13/2021,0.0076,0.114,2.597,0.066666667,0.002926454,0.043896804,25,15,9.7,0.099,0.792,32.76715278,-79.97273889
WR1,10/13/2021,0.0026,0.233,2.5655,0.011158798,0.001013448,0.090820503,26,22,4.77,0.035,2.8413,32.85537778,-79.90159167
AR1,10/20/2021,0.0156,0.828,2.92,0.01884058,0.005342466,0.283561644,24.5,27,8.98,0.129,6.1509,32.77628333,-79.95345
AR2,10/20/2021,0.0176,1.077,2.7885,0.01634169,0.006311637,0.386229155,24,26,7.61,0.19,6.2216,32.78831111,-79.96333889
AR3,10/20/2021,0.0206,0.969,3.53,0.02125903,0.005835694,0.274504249,22.5,17,13.78,0.565,6.5912,32.83527222,-79.98680278
CC1,10/20/2021,0.0046,0.094,3.2085,0.04893617,0.001433692,0.029297179,24.5,30,11.43,0.011,5.4708,32.76276389,-79.856175
CH1,10/20/2021,0.0286,1.683,4.886,0.016993464,0.005853459,0.344453541,24.5,27,11.14,0.172,5.6454,32.75498056,-79.91612222
CH2,10/20/2021,0.0136,0.761,2.391,0.017871222,0.005687997,0.318276872,24.5,26,8.78,0.19,5.17,32.79008333,-79.911
CH3,10/20/2021,0.0116,0.561,3.98,0.020677362,0.002914573,0.140954774,24.5,29,9.18,0,3.95,32.77161667,-79.92473333
CS1,10/20/2021,0.0186,1.063,6.293,0.017497648,0.002955665,0.168917845,22,33,6.24,0.043,5.3768,32.71671667,-79.93056389
FB1,10/20/2021,0.0176,1.029,3.796,0.017103984,0.004636459,0.271074816,22.5,36,4.37,0,5.6964,32.66033611,-79.94351111
FC1,10/20/2021,0.0286,1.984,4.197,0.014415323,0.006814391,0.472718609,20,9,10.55,0.112,6.3757,32.89123611,-79.97089167
HC1,10/20/2021,0.0176,0.94,2.67,0.018723404,0.00659176,0.352059925,24.5,24,10.16,0.086,5.047,32.82426944,-79.88969167
HC2,10/20/2021,0.0066,0.409,3.0215,0.016136919,0.002184346,0.13536323,24.5,23,8.69,0.092,5.047,32.82524444,-79.87728611
JIC1,10/20/2021,0.0296,1.332,4.6375,0.022222222,0.006382749,0.28722372,24.5,26,8.49,0.16,6.0894,32.75069722,-79.95013333
JIC2,10/20/2021,0.0256,1.747,4.219,0.014653692,0.006067789,0.414079166,21.5,23,10.84,0.108,6.0894,32.7445,-79.97116667
SC1,10/20/2021,0.0056,0.336,3.737,0.016666667,0.001498528,0.089911694,24.5,28,5.84,0.022,5.3658,32.79041667,-79.88506389
SC2,10/20/2021,0.0176,1.139,4.1865,0.015452151,0.004203989,0.272064971,22.5,30,7.9,0.063,4.2372,32.79319444,-79.87646389
SC3,10/20/2021,0.0066,0.466,3.402,0.01416309,0.001940035,0.136978248,21.5,30,6.24,0.198,4.2372,32.80481667,-79.86159722
SR1,10/20/2021,0.0116,0.605,3.7595,0.019173554,0.003085517,0.160925655,22.5,35,4.67,0,5.8782,32.66838056,-79.99750278
WC1,10/20/2021,0.0176,0.991,3.417,0.017759839,0.005150717,0.290020486,23,25,9.76,0.051,6.0291,32.76715278,-79.97273889
WR1,10/20/2021,0.0076,0.314,2.58,0.024203822,0.002945736,0.121705426,24.5,24,8.49,0.104,4.738,32.85537778,-79.90159167
AR1,10/27/2021,0.0326,0.828,2.582,0.000430727,0.012625871,29.31293571,22,23,12.51,0.219,2.73,32.77628333,-79.95345
AR2,10/27/2021,0.0206,1.077,2.229,0.000897213,0.009241812,10.30058322,22,21,14.18,0.567,2.457,32.78831111,-79.96333889
AR3,10/27/2021,0.0226,0.969,3.009,0.000987072,0.007510801,7.609172483,21.5,15,16.04,0.745,2.457,32.83527222,-79.98680278
CC1,10/27/2021,0.0326,0.094,4.157,0.000557961,0.007842194,14.0550878,22,25,8.29,0.041,3.2736,32.76276389,-79.856175
CH1,10/27/2021,0.0226,1.683,2.4265,0.000598596,0.009313826,15.55944776,22,22,13.78,0.158,3.08305,32.75498056,-79.91612222
CH2,10/27/2021,0.0226,0.761,2.5095,0.000457768,0.009005778,19.67324168,22,22,11.24,0.453,3.95,32.79008333,-79.911
CH3,10/27/2021,0.0266,0.561,2.973,0.000407675,0.008947191,21.94685503,na,24,10.75,0.054,5,32.77161667,-79.92473333
CS1,10/27/2021,0.0206,1.063,7.006,0.000674371,0.002940337,4.360119897,22,33,8.1,0.232,4.029,32.71671667,-79.93056389
FB1,10/27/2021,0.0186,1.029,5.701,0.000725712,0.003262586,4.495702508,23.5,34,4.86,0,3.6064,32.66033611,-79.94351111
FC1,10/27/2021,0.0226,1.984,2.245,0.000756435,0.010066815,13.30824053,21,6,12.71,0.307,2.11,32.89123611,-79.97089167
HC1,10/27/2021,0.0226,0.94,2.221,0.000472665,0.010175597,21.52814048,na,20,9.86,0.076,4.158,32.82426944,-79.88969167
HC2,10/27/2021,0.0246,0.409,4.2425,0.001099245,0.005798468,5.274955804,na,23,8.69,0.027,4.3857,32.82524444,-79.87728611
JIC1,10/27/2021,0.0186,1.332,3.5315,0.001306547,0.005266884,4.031148237,22,24,8.39,0.139,3.003,32.75069722,-79.95013333
JIC2,10/27/2021,0.0226,1.747,4.652,0.000571891,0.004858126,8.494840929,22,21,7.02,0.323,3.2865,32.7445,-79.97116667
SC1,10/27/2021,0.0246,0.336,4.9265,0.000588193,0.004993403,8.489394093,22,28,7.22,0.052,3.6616,32.79041667,-79.88506389
SC2,10/27/2021,0.0206,1.139,4.591,0.005040372,0.00448704,0.890219996,22.5,27,10.16,0.182,4.6035,32.79319444,-79.87646389
SC3,10/27/2021,0.0226,0.466,6.0505,0.00070539,0.003735228,5.295264854,22,25,9.57,0.307,4.65,32.80481667,-79.86159722
SR1,10/27/2021,0.0206,0.605,3.826,0.001248788,0.005384213,4.311552535,23.5,30,6.73,0.195,3.2395,32.66838056,-79.99750278
WC1,10/27/2021,0.0246,0.991,2.8205,0.000508611,0.008721858,17.14837795,23,22,12.22,0.273,2.8314,32.76715278,-79.97273889
WR1,10/27/2021,0.0226,0.314,2.831,0.000777675,0.007983045,10.26527729,na,24,10.55,0.039,4.7895,32.85537778,-79.90159167
